sample_name	unit_name	fq1	fq2	sra	adapters	bioproject	type	librarylayout	organism	latitude	longitude	bases
SRR3725392	NA	NA	NA	SRR3725392	NA	PRJNA322554	AMPLICON	SINGLE	human gut metagenome	29.77152983	-95.22124444	4928754
SRR3725380	NA	NA	NA	SRR3725380	NA	PRJNA322554	AMPLICON	SINGLE	human gut metagenome	29.77152983	-95.22124444	9688390
SRR3725410	NA	NA	NA	SRR3725410	NA	PRJNA322554	AMPLICON	SINGLE	human gut metagenome	29.77152983	-95.22124444	567421
SRR3725457	NA	NA	NA	SRR3725457	NA	PRJNA322554	AMPLICON	SINGLE	human gut metagenome	29.77152983	-95.22124444	136774
SRR3725459	NA	NA	NA	SRR3725459	NA	PRJNA322554	AMPLICON	SINGLE	human gut metagenome	29.77152983	-95.22124444	12364309
SRR3725399	NA	NA	NA	SRR3725399	NA	PRJNA322554	AMPLICON	SINGLE	human gut metagenome	29.77152983	-95.22124444	170863
SRR3725422	NA	NA	NA	SRR3725422	NA	PRJNA322554	AMPLICON	SINGLE	human gut metagenome	29.77152983	-95.22124444	9176908
SRR3725436	NA	NA	NA	SRR3725436	NA	PRJNA322554	AMPLICON	SINGLE	human gut metagenome	29.77152983	-95.22124444	4368148
SRR3725452	NA	NA	NA	SRR3725452	NA	PRJNA322554	AMPLICON	SINGLE	human gut metagenome	29.77152983	-95.22124444	4066126
SRR3725474	NA	NA	NA	SRR3725474	NA	PRJNA322554	AMPLICON	SINGLE	human gut metagenome	29.77152983	-95.22124444	6099489
SRR3725477	NA	NA	NA	SRR3725477	NA	PRJNA322554	AMPLICON	SINGLE	human gut metagenome	29.77152983	-95.22124444	327482
SRR3725490	NA	NA	NA	SRR3725490	NA	PRJNA322554	AMPLICON	SINGLE	human gut metagenome	29.77152983	-95.22124444	7536124
SRR3725494	NA	NA	NA	SRR3725494	NA	PRJNA322554	AMPLICON	SINGLE	human gut metagenome	29.77152983	-95.22124444	2991255
SRR3725497	NA	NA	NA	SRR3725497	NA	PRJNA322554	AMPLICON	SINGLE	human gut metagenome	29.77152983	-95.22124444	5702051
SRR3725557	NA	NA	NA	SRR3725557	NA	PRJNA322554	AMPLICON	SINGLE	human gut metagenome	29.77152983	-95.22124444	2154144
SRR3725374	NA	NA	NA	SRR3725374	NA	PRJNA322554	AMPLICON	SINGLE	human gut metagenome	29.77152983	-95.22124444	3990091
SRR3725402	NA	NA	NA	SRR3725402	NA	PRJNA322554	AMPLICON	SINGLE	human gut metagenome	29.77152983	-95.22124444	117824
SRR3725409	NA	NA	NA	SRR3725409	NA	PRJNA322554	AMPLICON	SINGLE	human gut metagenome	29.77152983	-95.22124444	663825
SRR3725419	NA	NA	NA	SRR3725419	NA	PRJNA322554	AMPLICON	SINGLE	human gut metagenome	29.77152983	-95.22124444	8670719
SRR3725420	NA	NA	NA	SRR3725420	NA	PRJNA322554	AMPLICON	SINGLE	human gut metagenome	29.77152983	-95.22124444	245534
SRR3725435	NA	NA	NA	SRR3725435	NA	PRJNA322554	AMPLICON	SINGLE	human gut metagenome	29.77152983	-95.22124444	4843401
SRR3725469	NA	NA	NA	SRR3725469	NA	PRJNA322554	AMPLICON	SINGLE	human gut metagenome	29.77152983	-95.22124444	158606
SRR3725502	NA	NA	NA	SRR3725502	NA	PRJNA322554	AMPLICON	SINGLE	human gut metagenome	29.77152983	-95.22124444	8972769
SRR3725513	NA	NA	NA	SRR3725513	NA	PRJNA322554	AMPLICON	SINGLE	human gut metagenome	29.77152983	-95.22124444	7250788
SRR3725518	NA	NA	NA	SRR3725518	NA	PRJNA322554	AMPLICON	SINGLE	human gut metagenome	29.77152983	-95.22124444	4441244
SRR3725522	NA	NA	NA	SRR3725522	NA	PRJNA322554	AMPLICON	SINGLE	human gut metagenome	29.77152983	-95.22124444	7169488
SRR3725523	NA	NA	NA	SRR3725523	NA	PRJNA322554	AMPLICON	SINGLE	human gut metagenome	29.77152983	-95.22124444	6369677
SRR3725532	NA	NA	NA	SRR3725532	NA	PRJNA322554	AMPLICON	SINGLE	human gut metagenome	29.77152983	-95.22124444	7340664
SRR3725548	NA	NA	NA	SRR3725548	NA	PRJNA322554	AMPLICON	SINGLE	human gut metagenome	29.77152983	-95.22124444	5554011
SRR3725553	NA	NA	NA	SRR3725553	NA	PRJNA322554	AMPLICON	SINGLE	human gut metagenome	29.77152983	-95.22124444	5659937
SRR3725384	NA	NA	NA	SRR3725384	NA	PRJNA322554	AMPLICON	SINGLE	human gut metagenome	29.77152983	-95.22124444	6247383
SRR3725406	NA	NA	NA	SRR3725406	NA	PRJNA322554	AMPLICON	SINGLE	human gut metagenome	29.77152983	-95.22124444	226054
SRR3725415	NA	NA	NA	SRR3725415	NA	PRJNA322554	AMPLICON	SINGLE	human gut metagenome	29.77152983	-95.22124444	328056
SRR3725487	NA	NA	NA	SRR3725487	NA	PRJNA322554	AMPLICON	SINGLE	human gut metagenome	29.77152983	-95.22124444	6651274
SRR3725492	NA	NA	NA	SRR3725492	NA	PRJNA322554	AMPLICON	SINGLE	human gut metagenome	29.77152983	-95.22124444	10158881
SRR3725495	NA	NA	NA	SRR3725495	NA	PRJNA322554	AMPLICON	SINGLE	human gut metagenome	29.77152983	-95.22124444	6390136
SRR3725544	NA	NA	NA	SRR3725544	NA	PRJNA322554	AMPLICON	SINGLE	human gut metagenome	29.77152983	-95.22124444	9211603
SRR3725547	NA	NA	NA	SRR3725547	NA	PRJNA322554	AMPLICON	SINGLE	human gut metagenome	29.77152983	-95.22124444	6431154
SRR3725558	NA	NA	NA	SRR3725558	NA	PRJNA322554	AMPLICON	SINGLE	human gut metagenome	29.77152983	-95.22124444	8539914
SRR3725390	NA	NA	NA	SRR3725390	NA	PRJNA322554	AMPLICON	SINGLE	human gut metagenome	29.77152983	-95.22124444	4703240
SRR3725397	NA	NA	NA	SRR3725397	NA	PRJNA322554	AMPLICON	SINGLE	human gut metagenome	29.77152983	-95.22124444	7389225
SRR3725423	NA	NA	NA	SRR3725423	NA	PRJNA322554	AMPLICON	SINGLE	human gut metagenome	29.77152983	-95.22124444	12904391
SRR3725440	NA	NA	NA	SRR3725440	NA	PRJNA322554	AMPLICON	SINGLE	human gut metagenome	29.77152983	-95.22124444	3386577
SRR3725441	NA	NA	NA	SRR3725441	NA	PRJNA322554	AMPLICON	SINGLE	human gut metagenome	29.77152983	-95.22124444	4310220
SRR3725442	NA	NA	NA	SRR3725442	NA	PRJNA322554	AMPLICON	SINGLE	human gut metagenome	29.77152983	-95.22124444	5462647
SRR3725529	NA	NA	NA	SRR3725529	NA	PRJNA322554	AMPLICON	SINGLE	human gut metagenome	29.77152983	-95.22124444	2232003
SRR3725530	NA	NA	NA	SRR3725530	NA	PRJNA322554	AMPLICON	SINGLE	human gut metagenome	29.77152983	-95.22124444	376162
SRR3725531	NA	NA	NA	SRR3725531	NA	PRJNA322554	AMPLICON	SINGLE	human gut metagenome	29.77152983	-95.22124444	670838
SRR3725648	NA	NA	NA	SRR3725648	NA	PRJNA322554	AMPLICON	SINGLE	human gut metagenome	29.77152983	-95.22124444	4455181
SRR3725463	NA	NA	NA	SRR3725463	NA	PRJNA322554	AMPLICON	SINGLE	human gut metagenome	29.77152983	-95.22124444	6967026
SRR3725489	NA	NA	NA	SRR3725489	NA	PRJNA322554	AMPLICON	SINGLE	human gut metagenome	29.77152983	-95.22124444	8984767
SRR3725510	NA	NA	NA	SRR3725510	NA	PRJNA322554	AMPLICON	SINGLE	human gut metagenome	29.77152983	-95.22124444	7032064
SRR3725375	NA	NA	NA	SRR3725375	NA	PRJNA322554	AMPLICON	SINGLE	human gut metagenome	29.77152983	-95.22124444	5010180
SRR3725385	NA	NA	NA	SRR3725385	NA	PRJNA322554	AMPLICON	SINGLE	human gut metagenome	29.77152983	-95.22124444	2892514
SRR3725400	NA	NA	NA	SRR3725400	NA	PRJNA322554	AMPLICON	SINGLE	human gut metagenome	29.77152983	-95.22124444	171426
SRR3725401	NA	NA	NA	SRR3725401	NA	PRJNA322554	AMPLICON	SINGLE	human gut metagenome	29.77152983	-95.22124444	265445
SRR3725418	NA	NA	NA	SRR3725418	NA	PRJNA322554	AMPLICON	SINGLE	human gut metagenome	29.77152983	-95.22124444	493094
SRR3725425	NA	NA	NA	SRR3725425	NA	PRJNA322554	AMPLICON	SINGLE	human gut metagenome	29.77152983	-95.22124444	348979
SRR3725432	NA	NA	NA	SRR3725432	NA	PRJNA322554	AMPLICON	SINGLE	human gut metagenome	29.77152983	-95.22124444	169078
SRR3725504	NA	NA	NA	SRR3725504	NA	PRJNA322554	AMPLICON	SINGLE	human gut metagenome	29.77152983	-95.22124444	2663606
SRR3725537	NA	NA	NA	SRR3725537	NA	PRJNA322554	AMPLICON	SINGLE	human gut metagenome	29.77152983	-95.22124444	6296606
SRR3725563	NA	NA	NA	SRR3725563	NA	PRJNA322554	AMPLICON	SINGLE	human gut metagenome	29.77152983	-95.22124444	5137696
SRR3725387	NA	NA	NA	SRR3725387	NA	PRJNA322554	AMPLICON	SINGLE	human gut metagenome	29.77152983	-95.22124444	5134869
SRR3725391	NA	NA	NA	SRR3725391	NA	PRJNA322554	AMPLICON	SINGLE	human gut metagenome	29.77152983	-95.22124444	932097
SRR3725404	NA	NA	NA	SRR3725404	NA	PRJNA322554	AMPLICON	SINGLE	human gut metagenome	29.77152983	-95.22124444	417962
SRR3725431	NA	NA	NA	SRR3725431	NA	PRJNA322554	AMPLICON	SINGLE	human gut metagenome	29.77152983	-95.22124444	996449
SRR3725433	NA	NA	NA	SRR3725433	NA	PRJNA322554	AMPLICON	SINGLE	human gut metagenome	29.77152983	-95.22124444	197011
SRR3725444	NA	NA	NA	SRR3725444	NA	PRJNA322554	AMPLICON	SINGLE	human gut metagenome	29.77152983	-95.22124444	5470695
SRR3725447	NA	NA	NA	SRR3725447	NA	PRJNA322554	AMPLICON	SINGLE	human gut metagenome	29.77152983	-95.22124444	5639119
SRR3725455	NA	NA	NA	SRR3725455	NA	PRJNA322554	AMPLICON	SINGLE	human gut metagenome	29.77152983	-95.22124444	5058108
SRR3725472	NA	NA	NA	SRR3725472	NA	PRJNA322554	AMPLICON	SINGLE	human gut metagenome	29.77152983	-95.22124444	4723906
SRR3725475	NA	NA	NA	SRR3725475	NA	PRJNA322554	AMPLICON	SINGLE	human gut metagenome	29.77152983	-95.22124444	578998
SRR3725514	NA	NA	NA	SRR3725514	NA	PRJNA322554	AMPLICON	SINGLE	human gut metagenome	29.77152983	-95.22124444	4323780
SRR3725525	NA	NA	NA	SRR3725525	NA	PRJNA322554	AMPLICON	SINGLE	human gut metagenome	29.77152983	-95.22124444	7452788
SRR3725549	NA	NA	NA	SRR3725549	NA	PRJNA322554	AMPLICON	SINGLE	human gut metagenome	29.77152983	-95.22124444	7231009
SRR3725552	NA	NA	NA	SRR3725552	NA	PRJNA322554	AMPLICON	SINGLE	human gut metagenome	29.77152983	-95.22124444	8089266
SRR3725395	NA	NA	NA	SRR3725395	NA	PRJNA322554	AMPLICON	SINGLE	human gut metagenome	29.77152983	-95.22124444	1296839
SRR3725398	NA	NA	NA	SRR3725398	NA	PRJNA322554	AMPLICON	SINGLE	human gut metagenome	29.77152983	-95.22124444	580182
SRR3725407	NA	NA	NA	SRR3725407	NA	PRJNA322554	AMPLICON	SINGLE	human gut metagenome	29.77152983	-95.22124444	625338
SRR3725450	NA	NA	NA	SRR3725450	NA	PRJNA322554	AMPLICON	SINGLE	human gut metagenome	29.77152983	-95.22124444	5630280
SRR3725451	NA	NA	NA	SRR3725451	NA	PRJNA322554	AMPLICON	SINGLE	human gut metagenome	29.77152983	-95.22124444	2411651
SRR3725464	NA	NA	NA	SRR3725464	NA	PRJNA322554	AMPLICON	SINGLE	human gut metagenome	29.77152983	-95.22124444	139385
SRR3725465	NA	NA	NA	SRR3725465	NA	PRJNA322554	AMPLICON	SINGLE	human gut metagenome	29.77152983	-95.22124444	2927287
SRR3725505	NA	NA	NA	SRR3725505	NA	PRJNA322554	AMPLICON	SINGLE	human gut metagenome	29.77152983	-95.22124444	6326415
SRR3725521	NA	NA	NA	SRR3725521	NA	PRJNA322554	AMPLICON	SINGLE	human gut metagenome	29.77152983	-95.22124444	13739378
SRR3725524	NA	NA	NA	SRR3725524	NA	PRJNA322554	AMPLICON	SINGLE	human gut metagenome	29.77152983	-95.22124444	5769559
SRR3725535	NA	NA	NA	SRR3725535	NA	PRJNA322554	AMPLICON	SINGLE	human gut metagenome	29.77152983	-95.22124444	4599451
SRR3725651	NA	NA	NA	SRR3725651	NA	PRJNA322554	AMPLICON	SINGLE	human gut metagenome	29.77152983	-95.22124444	5988165
SRR3725388	NA	NA	NA	SRR3725388	NA	PRJNA322554	AMPLICON	SINGLE	human gut metagenome	29.77152983	-95.22124444	5768238
SRR3725405	NA	NA	NA	SRR3725405	NA	PRJNA322554	AMPLICON	SINGLE	human gut metagenome	29.77152983	-95.22124444	3538688
SRR3725414	NA	NA	NA	SRR3725414	NA	PRJNA322554	AMPLICON	SINGLE	human gut metagenome	29.77152983	-95.22124444	10345889
SRR3725470	NA	NA	NA	SRR3725470	NA	PRJNA322554	AMPLICON	SINGLE	human gut metagenome	29.77152983	-95.22124444	384695
SRR3725507	NA	NA	NA	SRR3725507	NA	PRJNA322554	AMPLICON	SINGLE	human gut metagenome	29.77152983	-95.22124444	413621
SRR3725526	NA	NA	NA	SRR3725526	NA	PRJNA322554	AMPLICON	SINGLE	human gut metagenome	29.77152983	-95.22124444	9094871
SRR3725528	NA	NA	NA	SRR3725528	NA	PRJNA322554	AMPLICON	SINGLE	human gut metagenome	29.77152983	-95.22124444	8235468
SRR3725534	NA	NA	NA	SRR3725534	NA	PRJNA322554	AMPLICON	SINGLE	human gut metagenome	29.77152983	-95.22124444	5796047
SRR3725536	NA	NA	NA	SRR3725536	NA	PRJNA322554	AMPLICON	SINGLE	human gut metagenome	29.77152983	-95.22124444	3088194
SRR3725376	NA	NA	NA	SRR3725376	NA	PRJNA322554	AMPLICON	SINGLE	human gut metagenome	29.77152983	-95.22124444	8003495
SRR3725378	NA	NA	NA	SRR3725378	NA	PRJNA322554	AMPLICON	SINGLE	human gut metagenome	29.77152983	-95.22124444	4032327
SRR3725403	NA	NA	NA	SRR3725403	NA	PRJNA322554	AMPLICON	SINGLE	human gut metagenome	29.77152983	-95.22124444	2381373
SRR3725426	NA	NA	NA	SRR3725426	NA	PRJNA322554	AMPLICON	SINGLE	human gut metagenome	29.77152983	-95.22124444	15000451
SRR3725429	NA	NA	NA	SRR3725429	NA	PRJNA322554	AMPLICON	SINGLE	human gut metagenome	29.77152983	-95.22124444	281556
SRR3725462	NA	NA	NA	SRR3725462	NA	PRJNA322554	AMPLICON	SINGLE	human gut metagenome	29.77152983	-95.22124444	5751593
SRR3725466	NA	NA	NA	SRR3725466	NA	PRJNA322554	AMPLICON	SINGLE	human gut metagenome	29.77152983	-95.22124444	5216232
SRR3725496	NA	NA	NA	SRR3725496	NA	PRJNA322554	AMPLICON	SINGLE	human gut metagenome	29.77152983	-95.22124444	5812752
SRR3725511	NA	NA	NA	SRR3725511	NA	PRJNA322554	AMPLICON	SINGLE	human gut metagenome	29.77152983	-95.22124444	6072538
SRR3725533	NA	NA	NA	SRR3725533	NA	PRJNA322554	AMPLICON	SINGLE	human gut metagenome	29.77152983	-95.22124444	1269652
SRR3725540	NA	NA	NA	SRR3725540	NA	PRJNA322554	AMPLICON	SINGLE	human gut metagenome	29.77152983	-95.22124444	463357
SRR3725559	NA	NA	NA	SRR3725559	NA	PRJNA322554	AMPLICON	SINGLE	human gut metagenome	29.77152983	-95.22124444	5949778
SRR3725562	NA	NA	NA	SRR3725562	NA	PRJNA322554	AMPLICON	SINGLE	human gut metagenome	29.77152983	-95.22124444	12767547
SRR3725408	NA	NA	NA	SRR3725408	NA	PRJNA322554	AMPLICON	SINGLE	human gut metagenome	29.77152983	-95.22124444	11060716
SRR3725412	NA	NA	NA	SRR3725412	NA	PRJNA322554	AMPLICON	SINGLE	human gut metagenome	29.77152983	-95.22124444	100541
SRR3725416	NA	NA	NA	SRR3725416	NA	PRJNA322554	AMPLICON	SINGLE	human gut metagenome	29.77152983	-95.22124444	5344066
SRR3725421	NA	NA	NA	SRR3725421	NA	PRJNA322554	AMPLICON	SINGLE	human gut metagenome	29.77152983	-95.22124444	12013187
SRR3725428	NA	NA	NA	SRR3725428	NA	PRJNA322554	AMPLICON	SINGLE	human gut metagenome	29.77152983	-95.22124444	14023026
SRR3725438	NA	NA	NA	SRR3725438	NA	PRJNA322554	AMPLICON	SINGLE	human gut metagenome	29.77152983	-95.22124444	5737603
SRR3725461	NA	NA	NA	SRR3725461	NA	PRJNA322554	AMPLICON	SINGLE	human gut metagenome	29.77152983	-95.22124444	8137806
SRR3725468	NA	NA	NA	SRR3725468	NA	PRJNA322554	AMPLICON	SINGLE	human gut metagenome	29.77152983	-95.22124444	6549322
SRR3725481	NA	NA	NA	SRR3725481	NA	PRJNA322554	AMPLICON	SINGLE	human gut metagenome	29.77152983	-95.22124444	3115938
SRR3725484	NA	NA	NA	SRR3725484	NA	PRJNA322554	AMPLICON	SINGLE	human gut metagenome	29.77152983	-95.22124444	7585729
SRR3725486	NA	NA	NA	SRR3725486	NA	PRJNA322554	AMPLICON	SINGLE	human gut metagenome	29.77152983	-95.22124444	11431020
SRR3725491	NA	NA	NA	SRR3725491	NA	PRJNA322554	AMPLICON	SINGLE	human gut metagenome	29.77152983	-95.22124444	564862
SRR3725515	NA	NA	NA	SRR3725515	NA	PRJNA322554	AMPLICON	SINGLE	human gut metagenome	29.77152983	-95.22124444	5518367
SRR3725546	NA	NA	NA	SRR3725546	NA	PRJNA322554	AMPLICON	SINGLE	human gut metagenome	29.77152983	-95.22124444	1528050
SRR3725604	NA	NA	NA	SRR3725604	NA	PRJNA322554	AMPLICON	SINGLE	human gut metagenome	29.77152983	-95.22124444	5172842
SRR3725396	NA	NA	NA	SRR3725396	NA	PRJNA322554	AMPLICON	SINGLE	human gut metagenome	29.77152983	-95.22124444	520329
SRR3725413	NA	NA	NA	SRR3725413	NA	PRJNA322554	AMPLICON	SINGLE	human gut metagenome	29.77152983	-95.22124444	145725
SRR3725434	NA	NA	NA	SRR3725434	NA	PRJNA322554	AMPLICON	SINGLE	human gut metagenome	29.77152983	-95.22124444	132240
SRR3725456	NA	NA	NA	SRR3725456	NA	PRJNA322554	AMPLICON	SINGLE	human gut metagenome	29.77152983	-95.22124444	4161735
SRR3725480	NA	NA	NA	SRR3725480	NA	PRJNA322554	AMPLICON	SINGLE	human gut metagenome	29.77152983	-95.22124444	6808463
SRR3725506	NA	NA	NA	SRR3725506	NA	PRJNA322554	AMPLICON	SINGLE	human gut metagenome	29.77152983	-95.22124444	7283302
SRR3725551	NA	NA	NA	SRR3725551	NA	PRJNA322554	AMPLICON	SINGLE	human gut metagenome	29.77152983	-95.22124444	4765979
SRR3725605	NA	NA	NA	SRR3725605	NA	PRJNA322554	AMPLICON	SINGLE	human gut metagenome	29.77152983	-95.22124444	469150
SRR3725377	NA	NA	NA	SRR3725377	NA	PRJNA322554	AMPLICON	SINGLE	human gut metagenome	29.77152983	-95.22124444	5960262
SRR3725382	NA	NA	NA	SRR3725382	NA	PRJNA322554	AMPLICON	SINGLE	human gut metagenome	29.77152983	-95.22124444	6302222
SRR3725448	NA	NA	NA	SRR3725448	NA	PRJNA322554	AMPLICON	SINGLE	human gut metagenome	29.77152983	-95.22124444	845462
SRR3725483	NA	NA	NA	SRR3725483	NA	PRJNA322554	AMPLICON	SINGLE	human gut metagenome	29.77152983	-95.22124444	9482827
SRR3725501	NA	NA	NA	SRR3725501	NA	PRJNA322554	AMPLICON	SINGLE	human gut metagenome	29.77152983	-95.22124444	10774152
SRR3725512	NA	NA	NA	SRR3725512	NA	PRJNA322554	AMPLICON	SINGLE	human gut metagenome	29.77152983	-95.22124444	4551878
SRR3725520	NA	NA	NA	SRR3725520	NA	PRJNA322554	AMPLICON	SINGLE	human gut metagenome	29.77152983	-95.22124444	8148140
SRR3725541	NA	NA	NA	SRR3725541	NA	PRJNA322554	AMPLICON	SINGLE	human gut metagenome	29.77152983	-95.22124444	6007709
SRR3725556	NA	NA	NA	SRR3725556	NA	PRJNA322554	AMPLICON	SINGLE	human gut metagenome	29.77152983	-95.22124444	6632240
SRR3725600	NA	NA	NA	SRR3725600	NA	PRJNA322554	AMPLICON	SINGLE	human gut metagenome	29.77152983	-95.22124444	4211325
SRR3725602	NA	NA	NA	SRR3725602	NA	PRJNA322554	AMPLICON	SINGLE	human gut metagenome	29.77152983	-95.22124444	7922908
SRR3725411	NA	NA	NA	SRR3725411	NA	PRJNA322554	AMPLICON	SINGLE	human gut metagenome	29.77152983	-95.22124444	2490847
SRR3725417	NA	NA	NA	SRR3725417	NA	PRJNA322554	AMPLICON	SINGLE	human gut metagenome	29.77152983	-95.22124444	1320927
SRR3725445	NA	NA	NA	SRR3725445	NA	PRJNA322554	AMPLICON	SINGLE	human gut metagenome	29.77152983	-95.22124444	3993167
SRR3725478	NA	NA	NA	SRR3725478	NA	PRJNA322554	AMPLICON	SINGLE	human gut metagenome	29.77152983	-95.22124444	336404
SRR3725488	NA	NA	NA	SRR3725488	NA	PRJNA322554	AMPLICON	SINGLE	human gut metagenome	29.77152983	-95.22124444	1174098
SRR3725555	NA	NA	NA	SRR3725555	NA	PRJNA322554	AMPLICON	SINGLE	human gut metagenome	29.77152983	-95.22124444	7094497
SRR3725603	NA	NA	NA	SRR3725603	NA	PRJNA322554	AMPLICON	SINGLE	human gut metagenome	29.77152983	-95.22124444	1003685
SRR3725383	NA	NA	NA	SRR3725383	NA	PRJNA322554	AMPLICON	SINGLE	human gut metagenome	29.77152983	-95.22124444	8916786
SRR3725443	NA	NA	NA	SRR3725443	NA	PRJNA322554	AMPLICON	SINGLE	human gut metagenome	29.77152983	-95.22124444	4785889
SRR3725498	NA	NA	NA	SRR3725498	NA	PRJNA322554	AMPLICON	SINGLE	human gut metagenome	29.77152983	-95.22124444	6271001
SRR3725539	NA	NA	NA	SRR3725539	NA	PRJNA322554	AMPLICON	SINGLE	human gut metagenome	29.77152983	-95.22124444	9688142
SRR3725542	NA	NA	NA	SRR3725542	NA	PRJNA322554	AMPLICON	SINGLE	human gut metagenome	29.77152983	-95.22124444	6421233
SRR3725601	NA	NA	NA	SRR3725601	NA	PRJNA322554	AMPLICON	SINGLE	human gut metagenome	29.77152983	-95.22124444	1081678
SRR3725386	NA	NA	NA	SRR3725386	NA	PRJNA322554	AMPLICON	SINGLE	human gut metagenome	29.77152983	-95.22124444	5905024
SRR3725389	NA	NA	NA	SRR3725389	NA	PRJNA322554	AMPLICON	SINGLE	human gut metagenome	29.77152983	-95.22124444	15127223
SRR3725393	NA	NA	NA	SRR3725393	NA	PRJNA322554	AMPLICON	SINGLE	human gut metagenome	29.77152983	-95.22124444	16873959
SRR3725427	NA	NA	NA	SRR3725427	NA	PRJNA322554	AMPLICON	SINGLE	human gut metagenome	29.77152983	-95.22124444	3241627
SRR3725437	NA	NA	NA	SRR3725437	NA	PRJNA322554	AMPLICON	SINGLE	human gut metagenome	29.77152983	-95.22124444	4736929
SRR3725467	NA	NA	NA	SRR3725467	NA	PRJNA322554	AMPLICON	SINGLE	human gut metagenome	29.77152983	-95.22124444	5151484
SRR3725476	NA	NA	NA	SRR3725476	NA	PRJNA322554	AMPLICON	SINGLE	human gut metagenome	29.77152983	-95.22124444	5300067
SRR3725545	NA	NA	NA	SRR3725545	NA	PRJNA322554	AMPLICON	SINGLE	human gut metagenome	29.77152983	-95.22124444	5169581
SRR3725424	NA	NA	NA	SRR3725424	NA	PRJNA322554	AMPLICON	SINGLE	human gut metagenome	29.77152983	-95.22124444	3398742
SRR3725485	NA	NA	NA	SRR3725485	NA	PRJNA322554	AMPLICON	SINGLE	human gut metagenome	29.77152983	-95.22124444	6411589
SRR3725517	NA	NA	NA	SRR3725517	NA	PRJNA322554	AMPLICON	SINGLE	human gut metagenome	29.77152983	-95.22124444	181095
SRR3725454	NA	NA	NA	SRR3725454	NA	PRJNA322554	AMPLICON	SINGLE	human gut metagenome	29.77152983	-95.22124444	3975271
SRR3725554	NA	NA	NA	SRR3725554	NA	PRJNA322554	AMPLICON	SINGLE	human gut metagenome	29.77152983	-95.22124444	1479669
SRR3725430	NA	NA	NA	SRR3725430	NA	PRJNA322554	AMPLICON	SINGLE	human gut metagenome	29.77152983	-95.22124444	539663
SRR3725439	NA	NA	NA	SRR3725439	NA	PRJNA322554	AMPLICON	SINGLE	human gut metagenome	29.77152983	-95.22124444	3738233
SRR3725449	NA	NA	NA	SRR3725449	NA	PRJNA322554	AMPLICON	SINGLE	human gut metagenome	29.77152983	-95.22124444	11090578
SRR3725479	NA	NA	NA	SRR3725479	NA	PRJNA322554	AMPLICON	SINGLE	human gut metagenome	29.77152983	-95.22124444	4818500
SRR3725499	NA	NA	NA	SRR3725499	NA	PRJNA322554	AMPLICON	SINGLE	human gut metagenome	29.77152983	-95.22124444	10981871
SRR3725508	NA	NA	NA	SRR3725508	NA	PRJNA322554	AMPLICON	SINGLE	human gut metagenome	29.77152983	-95.22124444	4748073
SRR3725650	NA	NA	NA	SRR3725650	NA	PRJNA322554	AMPLICON	SINGLE	human gut metagenome	29.77152983	-95.22124444	34239771
SRR3725379	NA	NA	NA	SRR3725379	NA	PRJNA322554	AMPLICON	SINGLE	human gut metagenome	29.77152983	-95.22124444	2180519
SRR3725381	NA	NA	NA	SRR3725381	NA	PRJNA322554	AMPLICON	SINGLE	human gut metagenome	29.77152983	-95.22124444	12300868
SRR3725394	NA	NA	NA	SRR3725394	NA	PRJNA322554	AMPLICON	SINGLE	human gut metagenome	29.77152983	-95.22124444	5441642
SRR3725453	NA	NA	NA	SRR3725453	NA	PRJNA322554	AMPLICON	SINGLE	human gut metagenome	29.77152983	-95.22124444	3631685
SRR3725460	NA	NA	NA	SRR3725460	NA	PRJNA322554	AMPLICON	SINGLE	human gut metagenome	29.77152983	-95.22124444	4996310
SRR3725473	NA	NA	NA	SRR3725473	NA	PRJNA322554	AMPLICON	SINGLE	human gut metagenome	29.77152983	-95.22124444	5330242
SRR3725500	NA	NA	NA	SRR3725500	NA	PRJNA322554	AMPLICON	SINGLE	human gut metagenome	29.77152983	-95.22124444	5903927
SRR3725519	NA	NA	NA	SRR3725519	NA	PRJNA322554	AMPLICON	SINGLE	human gut metagenome	29.77152983	-95.22124444	4894209
SRR3725543	NA	NA	NA	SRR3725543	NA	PRJNA322554	AMPLICON	SINGLE	human gut metagenome	29.77152983	-95.22124444	11985435
SRR3725649	NA	NA	NA	SRR3725649	NA	PRJNA322554	AMPLICON	SINGLE	human gut metagenome	29.77152983	-95.22124444	644937
SRR900226	NA	NA	NA	SRR900226	NA	PRJNA208226	AMPLICON	SINGLE	soil metagenome	-25.15466	-69.50924	1574558
SRR901032	NA	NA	NA	SRR901032	NA	PRJNA208226	AMPLICON	SINGLE	soil metagenome	-25.15466	-69.50924	1532063
SRR901079	NA	NA	NA	SRR901079	NA	PRJNA208226	AMPLICON	SINGLE	soil metagenome	-25.15466	-69.50924	1606595
SRR901081	NA	NA	NA	SRR901081	NA	PRJNA208226	AMPLICON	SINGLE	soil metagenome	-25.15466	-69.50924	1337842
SRR901082	NA	NA	NA	SRR901082	NA	PRJNA208226	AMPLICON	SINGLE	soil metagenome	-25.15466	-69.50924	1042996
SRR901083	NA	NA	NA	SRR901083	NA	PRJNA208226	AMPLICON	SINGLE	soil metagenome	-25.41114	-70.16516	197817
SRR901084	NA	NA	NA	SRR901084	NA	PRJNA208226	AMPLICON	SINGLE	soil metagenome	-25.41114	-70.16516	246593
SRR901085	NA	NA	NA	SRR901085	NA	PRJNA208226	AMPLICON	SINGLE	soil metagenome	-25.41114	-70.16516	290764
SRR901086	NA	NA	NA	SRR901086	NA	PRJNA208226	AMPLICON	SINGLE	soil metagenome	-25.41114	-70.16516	654050
SRR901087	NA	NA	NA	SRR901087	NA	PRJNA208226	AMPLICON	SINGLE	soil metagenome	-25.41114	-70.16516	739206
SRR901088	NA	NA	NA	SRR901088	NA	PRJNA208226	AMPLICON	SINGLE	soil metagenome	-25.41114	-70.16516	1050921
SRR901089	NA	NA	NA	SRR901089	NA	PRJNA208226	AMPLICON	SINGLE	soil metagenome	-25.41114	-70.16516	864523
SRR901090	NA	NA	NA	SRR901090	NA	PRJNA208226	AMPLICON	SINGLE	soil metagenome	-25.41114	-70.16516	1334990
SRR901091	NA	NA	NA	SRR901091	NA	PRJNA208226	AMPLICON	SINGLE	soil metagenome	-25.41114	-70.16516	1795851
SRR901092	NA	NA	NA	SRR901092	NA	PRJNA208226	AMPLICON	SINGLE	soil metagenome	-24.25963	-69.41096	76047282
SRR901093	NA	NA	NA	SRR901093	NA	PRJNA208226	AMPLICON	SINGLE	soil metagenome	-24.25963	-69.41096	964400
SRR901094	NA	NA	NA	SRR901094	NA	PRJNA208226	AMPLICON	SINGLE	soil metagenome	-24.25963	-69.41096	1722639
SRR901095	NA	NA	NA	SRR901095	NA	PRJNA208226	AMPLICON	SINGLE	soil metagenome	-24.25963	-69.41096	809509
SRR901096	NA	NA	NA	SRR901096	NA	PRJNA208226	AMPLICON	SINGLE	soil metagenome	-24.25963	-69.41096	1310133
SRR901097	NA	NA	NA	SRR901097	NA	PRJNA208226	AMPLICON	SINGLE	soil metagenome	-24.25963	-69.41096	2307307
SRR901098	NA	NA	NA	SRR901098	NA	PRJNA208226	AMPLICON	SINGLE	soil metagenome	-24.25963	-69.41096	1718564
SRR901099	NA	NA	NA	SRR901099	NA	PRJNA208226	AMPLICON	SINGLE	soil metagenome	-24.25963	-69.41096	780562
SRR901100	NA	NA	NA	SRR901100	NA	PRJNA208226	AMPLICON	SINGLE	soil metagenome	-24.25963	-69.41096	772641
SRR901101	NA	NA	NA	SRR901101	NA	PRJNA208226	AMPLICON	SINGLE	soil metagenome	-24.25963	-69.41096	148228
SRR901102	NA	NA	NA	SRR901102	NA	PRJNA208226	AMPLICON	SINGLE	soil metagenome	-24.25963	-69.41096	1255786
SRR901103	NA	NA	NA	SRR901103	NA	PRJNA208226	AMPLICON	SINGLE	soil metagenome	-24.0511	-69.596190000000007	1462111
SRR901104	NA	NA	NA	SRR901104	NA	PRJNA208226	AMPLICON	SINGLE	soil metagenome	-24.0511	-69.596190000000007	2318890
SRR901105	NA	NA	NA	SRR901105	NA	PRJNA208226	AMPLICON	SINGLE	soil metagenome	-24.0511	-69.596190000000007	2108153
SRR901106	NA	NA	NA	SRR901106	NA	PRJNA208226	AMPLICON	SINGLE	soil metagenome	-24.0511	-69.596190000000007	114181
SRR901107	NA	NA	NA	SRR901107	NA	PRJNA208226	AMPLICON	SINGLE	soil metagenome	-24.0511	-69.596190000000007	216761
SRR901108	NA	NA	NA	SRR901108	NA	PRJNA208226	AMPLICON	SINGLE	soil metagenome	-24.0511	-69.596190000000007	579884
SRR901109	NA	NA	NA	SRR901109	NA	PRJNA208226	AMPLICON	SINGLE	soil metagenome	-24.0511	-69.596190000000007	416732
SRR901110	NA	NA	NA	SRR901110	NA	PRJNA208226	AMPLICON	SINGLE	soil metagenome	-24.0511	-69.596190000000007	1512244
SRR901111	NA	NA	NA	SRR901111	NA	PRJNA208226	AMPLICON	SINGLE	soil metagenome	-24.0511	-69.596190000000007	168814
SRR901112	NA	NA	NA	SRR901112	NA	PRJNA208226	AMPLICON	SINGLE	soil metagenome	-24.0511	-69.596190000000007	1075363
SRR901113	NA	NA	NA	SRR901113	NA	PRJNA208226	AMPLICON	SINGLE	soil metagenome	-24.0511	-69.596190000000007	1771193
SRR901114	NA	NA	NA	SRR901114	NA	PRJNA208226	AMPLICON	SINGLE	soil metagenome	-24.0511	-69.596190000000007	2140710
SRR901115	NA	NA	NA	SRR901115	NA	PRJNA208226	AMPLICON	SINGLE	soil metagenome	-24.0511	-69.596190000000007	1474414
SRR901116	NA	NA	NA	SRR901116	NA	PRJNA208226	AMPLICON	SINGLE	soil metagenome	-24.0511	-69.596190000000007	2148086
SRR901117	NA	NA	NA	SRR901117	NA	PRJNA208226	AMPLICON	SINGLE	soil metagenome	-24.0511	-69.596190000000007	199550
SRR901118	NA	NA	NA	SRR901118	NA	PRJNA208226	AMPLICON	SINGLE	soil metagenome	-24.0511	-69.596190000000007	911373
SRR901119	NA	NA	NA	SRR901119	NA	PRJNA208226	AMPLICON	SINGLE	soil metagenome	-26.09839	-70.17105	232327
SRR901120	NA	NA	NA	SRR901120	NA	PRJNA208226	AMPLICON	SINGLE	soil metagenome	-26.09839	-70.17105	638258
SRR901121	NA	NA	NA	SRR901121	NA	PRJNA208226	AMPLICON	SINGLE	soil metagenome	-26.09839	-70.17105	1494398
SRR901122	NA	NA	NA	SRR901122	NA	PRJNA208226	AMPLICON	SINGLE	soil metagenome	-26.09839	-70.17105	447629
SRR901123	NA	NA	NA	SRR901123	NA	PRJNA208226	AMPLICON	SINGLE	soil metagenome	-26.09839	-70.17105	324996
SRR901124	NA	NA	NA	SRR901124	NA	PRJNA208226	AMPLICON	SINGLE	soil metagenome	-26.09839	-70.17105	152519
SRR901125	NA	NA	NA	SRR901125	NA	PRJNA208226	AMPLICON	SINGLE	soil metagenome	-26.09839	-70.17105	191949
SRR901126	NA	NA	NA	SRR901126	NA	PRJNA208226	AMPLICON	SINGLE	soil metagenome	-26.09839	-70.17105	446900
SRR901127	NA	NA	NA	SRR901127	NA	PRJNA208226	AMPLICON	SINGLE	soil metagenome	-26.09839	-70.17105	654064
SRR901128	NA	NA	NA	SRR901128	NA	PRJNA208226	AMPLICON	SINGLE	soil metagenome	-24.01943	-69.42257	1438671
SRR901129	NA	NA	NA	SRR901129	NA	PRJNA208226	AMPLICON	SINGLE	soil metagenome	-24.01943	-69.42257	2182160
SRR901130	NA	NA	NA	SRR901130	NA	PRJNA208226	AMPLICON	SINGLE	soil metagenome	-24.01943	-69.42257	1723629
SRR901131	NA	NA	NA	SRR901131	NA	PRJNA208226	AMPLICON	SINGLE	soil metagenome	-24.01943	-69.42257	1845540
SRR901132	NA	NA	NA	SRR901132	NA	PRJNA208226	AMPLICON	SINGLE	soil metagenome	-24.01943	-69.42257	1901995
SRR901133	NA	NA	NA	SRR901133	NA	PRJNA208226	AMPLICON	SINGLE	soil metagenome	-24.01943	-69.42257	927314
SRR901134	NA	NA	NA	SRR901134	NA	PRJNA208226	AMPLICON	SINGLE	soil metagenome	-24.01943	-69.42257	152777
SRR901135	NA	NA	NA	SRR901135	NA	PRJNA208226	AMPLICON	SINGLE	soil metagenome	-24.01943	-69.42257	2211334
SRR901136	NA	NA	NA	SRR901136	NA	PRJNA208226	AMPLICON	SINGLE	soil metagenome	-24.01943	-69.42257	2308193
SRR901137	NA	NA	NA	SRR901137	NA	PRJNA208226	AMPLICON	SINGLE	soil metagenome	-24.01943	-69.42257	2468928
SRR901138	NA	NA	NA	SRR901138	NA	PRJNA208226	AMPLICON	SINGLE	soil metagenome	-24.01943	-69.42257	460481
SRR901139	NA	NA	NA	SRR901139	NA	PRJNA208226	AMPLICON	SINGLE	soil metagenome	-24.01943	-69.42257	1928942
SRR901140	NA	NA	NA	SRR901140	NA	PRJNA208226	AMPLICON	SINGLE	soil metagenome	-24.01943	-69.42257	189468
SRR901141	NA	NA	NA	SRR901141	NA	PRJNA208226	AMPLICON	SINGLE	soil metagenome	-24.01943	-69.42257	1013992
SRR901142	NA	NA	NA	SRR901142	NA	PRJNA208226	AMPLICON	SINGLE	soil metagenome	-24.01943	-69.42257	2362163
SRR901143	NA	NA	NA	SRR901143	NA	PRJNA208226	AMPLICON	SINGLE	soil metagenome	-24.01943	-69.42257	2280278
SRR901144	NA	NA	NA	SRR901144	NA	PRJNA208226	AMPLICON	SINGLE	soil metagenome	-24.0511	-69.596190000000007	724562
